"srcip","dstip","srcport","dstport","protocol","numbytes","numpackets"
"172.17.201.3","10.42.16.116","8092","37771","6","1500","1"
"10.210.1.51","10.42.16.83","161","62062","17","190","1"
"168.127.10.96","172.17.27.18","null","null","1","60","1"
"172.17.25.4","10.42.16.83","161","34911","17","376","1"
"10.42.13.164","10.210.1.5","61117","161","17","180","1"
"168.127.10.96","172.17.11.100","null","null","1","60","1"
"169.254.100.1","169.254.100.2","49199","3784","17","52","1"
"169.254.100.1","169.254.100.2","49199","3784","17","52","1"
"172.17.28.18","10.42.16.83","null","null","1","84","1"
"169.254.100.2","169.254.100.1","49246","3784","17","52","1"
"172.17.14.100","168.127.10.96","null","null","1","60","1"
"10.42.16.83","172.17.20.100","null","null","1","84","1"
"10.42.16.83","10.210.1.52","62969","161","17","185","1"
"169.254.100.2","10.42.12.13","47579","8050","17","1072","1"
"10.42.16.83","172.16.2.102","null","null","1","84","1"
"10.42.16.83","172.16.2.83","10548","161","17","469","1"
"172.17.16.100","10.42.16.83","161","32151","17","309","1"
"10.42.12.85","10.210.2.46","2049","741","6","1500","1"
"169.254.100.1","169.254.100.2","49199","3784","17","52","1"
"172.17.24.4","168.127.8.96","null","null","1","60","1"
"169.254.100.2","10.42.20.20","58764","8050","17","1212","1"
"168.127.8.96","172.17.24.100","null","null","1","60","1"
"10.210.1.4","10.42.13.164","161","18919","17","455","1"
"172.17.20.200","10.42.16.116","9118","39604","6","663","1"
"10.210.2.46","10.42.14.42","40938","6379","6","108","1"
"10.42.13.164","10.210.1.3","32276","161","17","195","1"
"172.17.201.1","10.42.16.116","9118","61057","6","666","1"
"172.16.2.15","10.42.13.164","161","19311","17","250","1"
"10.210.1.9","10.42.16.83","161","33752","17","372","1"
"10.42.16.116","172.17.16.200","26145","9115","6","371","1"
"172.17.16.200","10.42.16.116","9118","64925","6","663","1"
"10.210.1.11","10.42.16.83","161","10666","17","335","1"
"10.42.16.83","10.210.1.11","19134","161","17","177","1"
"10.210.1.5","10.210.2.46","60765","514","17","142","1"
"146.148.27.244","172.16.2.88","5222","39914","6","222","1"
"169.254.100.2","10.42.20.20","58764","8050","17","1144","1"
"168.127.10.98","172.17.10.18","null","null","1","60","1"
"169.254.100.2","169.254.100.1","49246","3784","17","52","1"
"10.42.16.83","10.210.1.11","55386","161","17","92","1"
"15.200.9.186","172.16.2.94","443","48016","6","52","1"
"10.210.1.5","10.42.16.83","161","13639","17","345","1"
"10.210.2.46","10.43.20.66","47016","443","6","1281","1"
"10.210.1.3","10.42.13.164","161","2617","17","376","1"
"172.16.2.92","10.42.16.83","161","35030","17","77","1"
"168.127.8.98","172.17.10.100","null","null","1","60","1"
"168.127.10.96","172.17.26.4","55272","22","6","52","1"
"10.42.16.116","172.17.201.1","61057","9118","6","368","1"
"10.210.1.1","10.42.12.14","46307","6009","17","177","1"
"169.254.100.2","10.42.20.20","58764","8050","17","1368","1"
"172.17.27.200","10.210.2.102","50155","53","17","74","1"
"10.210.2.102","172.17.27.200","53","34596","17","145","1"
"169.254.100.2","10.42.12.13","47579","8050","17","1304","1"
"10.42.16.116","172.17.20.200","39604","9118","6","369","1"
"10.210.2.102","172.17.26.200","53","52157","17","134","1"
"169.254.100.2","10.42.12.13","47579","8050","17","1428","1"
"10.210.1.4","10.42.12.13","52482","8050","17","1324","1"
"169.254.100.2","169.254.100.1","49246","3784","17","52","1"
"10.42.16.116","172.17.19.200","60143","9118","6","371","1"
"10.210.2.103","172.17.201.1","53","46642","17","132","1"
"169.254.100.1","169.254.100.2","49199","3784","17","52","1"
"168.127.8.98","172.17.9.18","null","null","1","60","1"
"146.148.27.244","172.16.2.2","null","null","1","84","1"
"172.16.2.51","15.200.9.186","56713","443","6","1500","1"
"172.16.2.51","15.200.9.186","56713","443","6","1500","1"
"10.210.1.5","10.42.12.13","48325","8050","17","1412","1"
"10.42.16.116","172.17.28.200","59897","9118","6","52","1"
"169.254.100.2","10.42.12.13","47579","8050","17","1248","1"
"172.16.2.68","3.32.51.114","56598","443","6","813","1"
"168.127.8.98","172.17.16.100","55174","22","6","52","1"
"172.17.25.6","10.42.13.164","161","28034","17","129","1"
"10.210.2.46","10.42.14.42","41132","6379","6","111","1"
"169.254.100.2","10.42.12.13","47579","8050","17","1080","1"
"10.42.16.83","172.17.25.4","62083","161","17","180","1"
"172.17.19.200","10.42.16.116","8090","55589","6","1500","1"
"10.42.16.116","172.17.201.1","38893","9115","6","52","1"
"192.168.82.83","100.70.241.12","54615","6970","6","89","1"
"172.24.146.78","172.24.191.105","135","61751","6","430","1"
"172.24.146.20","172.24.157.212","445","60450","6","419","2"
"192.168.82.99","100.70.240.11","51791","6970","6","81","1"
"172.24.146.20","8.8.8.8","52222","53","17","104","1"
"172.24.146.241","75.2.105.218","45778","443","6","141","1"
"172.24.146.157","172.24.191.105","49154","61797","6","203","1"
"192.168.82.120","100.70.240.11","44024","6970","6","81","1"
"172.24.146.146","172.24.144.146","8305","33905","6","74","1"
"172.24.146.157","172.24.191.105","135","62562","6","130","1"
"192.168.82.77","100.70.240.11","57421","6970","6","79","1"
"172.24.146.242","172.25.93.43","43326","50051","6","294","2"
"172.24.146.20","172.24.254.2","53","7051","17","326","1"
"172.24.146.81","172.24.191.105","51461","63214","6","223","1"
"172.24.146.244","172.25.93.43","53468","50051","6","1407","13"
"172.24.146.242","99.83.155.87","57394","443","6","1107","1"
"192.168.82.77","100.70.240.10","48036","2445","6","161","1"
"172.24.146.33","20.189.173.11","58618","443","6","428","1"
"172.24.146.49","172.24.191.105","49195","17778","6","156","1"
"172.24.146.173","172.24.191.105","49154","64263","6","242","1"
"172.24.146.157","172.24.191.105","49154","64630","6","218","1"
"172.24.146.49","172.24.191.105","null","null","1","82","1"
"172.24.146.21","172.24.191.105","389","65044","6","497","1"
"172.24.146.21","172.24.191.105","445","50660","6","1133","1"
"172.24.146.127","172.24.191.105","49165","64984","6","487","2"
"172.24.146.208","172.24.191.105","49154","65396","6","256","1"
"172.24.146.20","172.24.157.25","53","54561","17","98","1"
"172.24.146.208","172.24.191.105","49154","65450","6","68","1"
"172.24.146.21","172.24.191.102","51439","37892","6","20045","31"
"192.168.82.125","100.70.240.11","36501","6970","6","76","1"
"172.24.146.21","172.24.191.105","49671","50470","6","242","1"
"172.24.146.49","172.24.191.105","49155","50495","6","349","1"
"172.24.146.21","172.24.157.24","445","51081","6","1324","3"
"172.24.146.23","172.24.150.31","445","53484","6","146","2"
"172.24.146.176","172.24.191.105","135","51009","6","152","1"
"172.24.146.33","172.24.154.30","59405","161","17","129","1"
"172.24.146.241","3.128.14.47","50654","443","6","88","1"
"172.24.146.128","172.24.191.105","135","51392","6","314","1"
"192.168.82.124","100.70.240.11","35039","6970","6","89","1"
"192.168.82.124","100.70.240.11","35047","6970","6","79","1"
"172.24.146.21","172.24.157.180","445","54770","6","2012","7"
"172.24.144.253","132.163.96.2","123","123","17","98","1"
"172.24.146.241","75.2.105.218","32884","443","6","216","1"
"192.168.82.77","100.70.240.10","41298","2445","6","161","1"
"172.24.146.23","172.24.157.10","135","62439","6","234","1"
"172.24.146.81","172.24.191.105","56072","58739","6","71","1"
"172.24.146.21","172.24.191.105","49671","51575","6","283","1"
"192.168.82.124","100.70.240.11","35059","6970","6","79","1"
"172.24.146.146","172.24.144.17","59537","8305","6","92","1"
"172.24.146.157","172.24.191.105","49154","52023","6","68","1"
"172.24.146.145","44.210.220.20","56444","443","6","653","7"
"172.24.146.84","172.24.191.105","49154","52934","6","247","1"
"172.24.146.21","172.24.191.105","49671","53222","6","249","1"
"172.24.146.20","172.24.157.225","53","58242","17","252","1"
"172.24.146.176","172.24.191.105","49154","53413","6","200","1"
"192.168.82.49","100.70.240.108","55763","123","17","98","1"
"192.168.82.63","100.70.240.11","52290","6970","6","160","2"
"172.24.146.173","172.24.191.105","49154","53862","6","234","1"
"172.24.146.21","8.8.8.8","58625","53","17","97","1"
"192.168.82.59","100.70.240.11","53748","6970","6","80","1"
"172.24.146.87","172.24.191.105","49154","54133","6","430","2"
"172.24.146.241","75.2.105.218","39528","443","6","185","1"
"172.24.146.21","172.24.157.254","53","62575","17","351","1"
"172.24.146.20","172.24.157.251","53","49527","17","223","1"
"172.24.146.206","172.24.191.105","49687","54699","6","258","1"
"172.24.146.206","172.24.191.119","53831","8014","6","660","1"
"172.24.146.127","172.24.157.20","49248","53103","6","103","1"
"172.24.146.156","20.40.229.24","51388","443","6","88","1"
"192.168.82.125","100.70.240.11","36549","6970","6","77","1"
"192.168.82.96","100.70.240.11","53010","6970","6","89","1"
"172.24.146.20","172.24.191.185","49666","58718","6","2344","2"
"172.24.146.244","99.83.155.87","48008","443","6","468","1"
"172.24.146.20","172.25.93.43","445","53190","6","224","1"
"172.24.146.146","146.112.255.69","37670","443","6","349","1"
"172.24.146.33","172.24.157.222","135","60060","6","178","1"
"172.17.25.4","10.42.16.83","161","62083","17","366","1"
"10.210.2.46","10.32.21.46","35258","3306","6","61","1"
"172.17.24.200","10.42.16.116","9118","26818","6","662","1"
"10.210.2.46","10.32.21.46","35258","3306","6","192","1"
"10.210.2.46","10.32.21.46","35258","3306","6","192","1"
"169.254.100.1","169.254.100.2","49199","3784","17","52","1"
"10.210.1.5","10.210.2.46","60765","514","17","142","1"
"10.32.21.46","10.210.2.46","3306","42670","6","1500","1"
"172.16.2.62","146.148.27.244","43594","5222","6","756","1"
"10.210.1.5","10.210.2.46","60765","514","17","142","1"
"10.32.21.46","10.210.2.46","3306","42670","6","1225","1"
"10.32.21.46","10.210.2.46","3306","42670","6","463","1"
"172.16.2.87","3.32.51.114","36846","443","6","351","1"
"10.42.16.83","172.17.26.4","41264","161","17","180","1"
"10.42.14.42","10.210.2.46","6379","40910","6","120","1"
"168.127.8.96","172.17.25.18","null","null","1","60","1"
"169.254.100.1","169.254.100.2","49199","3784","17","52","1"
"10.42.13.164","172.17.27.4","4662","161","17","182","1"
"10.42.16.83","10.210.1.2","7218","161","17","159","1"
"172.17.27.4","10.42.13.164","161","4662","17","376","1"
"168.127.8.98","172.17.19.6","null","null","1","60","1"
"172.17.27.12","10.42.13.164","161","35898","17","374","1"
"172.17.19.100","168.127.8.98","null","null","1","60","1"
"10.43.20.66","10.210.2.46","443","47016","6","52","1"
"10.42.13.164","172.16.2.62","42854","161","17","74","1"
"172.17.10.12","168.127.8.52","35093","162","17","272","1"
"172.17.28.200","10.42.16.116","9115","64758","6","666","1"
"10.42.16.83","172.17.20.18","30102","161","17","159","1"
"169.254.100.2","10.42.20.20","58764","8050","17","860","1"
"10.42.13.164","172.17.200.5","1356","161","17","159","1"
"10.210.1.7","10.42.16.83","161","26661","17","136","1"
"172.17.25.3","10.42.13.164","161","43108","17","330","1"
"10.42.14.42","10.210.2.46","6379","40952","6","52","1"
"169.254.100.2","169.254.100.1","49246","3784","17","52","1"
"10.210.1.5","10.42.12.13","48325","8050","17","1280","1"
"172.17.27.12","10.42.13.164","161","18955","17","328","1"
"172.17.14.6","10.42.13.164","161","6197","17","317","1"
"172.17.16.200","10.42.16.116","9115","26145","6","668","1"
"10.42.16.116","172.17.201.3","48932","9115","6","52","1"
"172.17.25.24","10.42.16.83","null","null","17","1500","1"
"172.17.16.24","10.42.13.164","161","20263","17","317","1"
"172.17.24.6","168.127.8.98","161","55270","17","454","1"
"168.127.8.96","172.17.200.21","null","null","1","60","1"
"10.42.16.116","172.17.26.200","41248","9118","6","369","1"
"10.210.1.4","10.42.12.13","52482","8050","17","1296","1"
"172.17.19.200","10.42.16.116","9118","60143","6","662","1"
"10.42.16.83","172.17.26.4","31439","161","17","180","1"
"10.210.1.2","10.42.16.83","161","13708","17","130","1"
"172.16.2.69","10.42.13.164","null","null","1","84","1"
"172.17.24.200","10.42.16.116","9118","26818","6","662","1"
"10.42.16.83","172.17.26.4","18637","161","17","175","1"
"169.254.100.1","169.254.100.2","49199","3784","17","52","1"
"168.127.10.96","172.17.27.4","null","null","1","60","1"
"10.42.12.85","10.210.2.46","2049","741","6","1500","1"
"10.42.13.164","172.17.25.18","8444","161","17","160","1"
"172.17.27.200","10.42.16.116","9115","47823","6","663","1"
"10.32.21.46","10.210.2.46","3306","42676","6","189","1"
"10.42.13.164","172.17.28.6","62259","161","17","159","1"
"169.254.100.2","10.42.12.13","47579","8050","17","1404","1"
"172.16.2.37","15.200.9.186","60824","443","6","52","1"
"10.42.16.83","172.17.28.12","11243","161","17","160","1"
"172.17.26.6","10.42.16.83","null","null","17","1500","1"
"10.210.2.46","10.32.21.46","42670","3306","6","92","1"
"172.17.16.200","10.42.16.116","9115","26145","6","665","1"
"10.210.2.46","10.32.21.46","42670","3306","6","52","1"
"10.42.16.83","172.17.28.18","50777","161","17","159","1"
"10.42.12.85","10.210.2.46","2049","741","6","1500","1"
"10.210.2.46","10.32.21.46","42676","3306","6","173","1"
"10.210.1.3","10.42.13.72","51882","514","17","134","1"
"172.17.28.18","10.42.16.83","161","24386","17","160","1"
"169.254.100.2","169.254.100.1","49246","3784","17","52","1"
"10.42.16.116","172.17.20.200","39604","9118","6","52","1"
"10.210.2.46","10.42.12.85","741","2049","6","52","1"
"10.42.12.85","10.210.2.46","2049","741","6","232","1"
"10.210.2.46","10.42.12.85","741","2049","6","1500","1"
"10.210.2.46","10.42.12.85","741","2049","6","1500","1"
"10.210.2.46","10.42.12.85","741","2049","6","1500","1"
"172.17.19.200","10.42.16.116","9116","50479","6","665","1"
"157.240.0.184","157.240.0.27","15406","1715","17","300","1"
"106.75.99.30","106.75.99.122","15406","9513","6","300","1"
"192.168.1.232","192.168.1.22","15406","443","6","300","1"
"71.192.41.246","71.192.41.110","15406","5590","6","300","1"
"185.243.51.92","185.243.51.210","15406","5459","17","300","1"
"157.240.0.254","157.240.0.81","15406","7083","17","300","1"
"104.124.101.26","104.124.101.90","15406","4977","6","600","2"
"106.75.99.150","106.75.99.179","15406","7242","17","300","1"
"34.205.120.26","34.205.120.60","15406","1616","6","300","1"
"212.22.93.28","212.22.93.100","15406","1068","17","300","1"
"71.192.41.158","71.192.41.30","15406","3982","6","300","1"
"106.75.99.135","106.75.99.46","15406","6961","6","300","1"
"185.243.51.201","185.243.51.84","15406","8156","17","300","1"
"157.240.0.79","157.240.0.117","15406","4772","6","300","1"
"34.205.120.151","34.205.120.34","15406","297","6","300","1"
"157.240.0.135","157.240.0.224","15406","3006","6","300","1"
"104.124.101.115","104.124.101.126","15406","8079","6","300","1"
"157.240.0.114","157.240.0.85","15406","2678","6","300","1"
"157.240.0.82","157.240.0.159","15406","7369","17","300","1"
"157.240.0.201","157.240.0.35","15406","6955","17","300","1"
"185.243.51.103","185.243.51.81","15406","7330","17","300","1"
"34.205.120.201","34.205.120.82","15406","3305","6","300","1"
"157.240.0.226","157.240.0.208","15406","4130","6","300","1"
"71.192.41.38","71.192.41.85","15406","2204","17","300","1"
"185.243.51.244","185.243.51.200","15406","3095","17","300","1"
"192.168.1.166","192.168.1.148","15406","443","6","300","1"
"192.168.1.166","192.168.1.93","15406","443","6","300","1"
"34.205.120.128","34.205.120.134","15406","5421","17","300","1"
"212.22.93.67","212.22.93.38","15406","8775","17","300","1"
"106.75.99.250","106.75.99.169","15406","3424","6","300","1"
"34.205.120.254","34.205.120.21","15406","8914","6","300","1"
"185.243.51.176","185.243.51.205","15406","8782","17","300","1"
"185.243.51.117","185.243.51.88","15406","4684","6","300","1"
"71.192.41.160","71.192.41.14","15406","8369","17","300","1"
"34.205.120.223","34.205.120.196","15406","6207","6","300","1"
"34.205.120.50","34.205.120.105","15406","648","17","300","1"
"185.243.51.109","185.243.51.8","15406","4453","17","300","1"
"104.124.101.154","104.124.101.13","15406","7574","17","300","1"
"104.124.101.78","104.124.101.124","15406","4211","6","300","1"
"104.124.101.161","104.124.101.67","15406","5073","6","300","1"
"71.192.41.165","71.192.41.179","15406","2369","17","300","1"
"185.243.51.188","185.243.51.25","15406","3590","17","300","1"
"34.205.120.212","34.205.120.158","15406","2190","17","300","1"
"71.192.41.71","71.192.41.207","15406","9752","17","300","1"
"106.75.99.153","106.75.99.115","15406","198","6","300","1"
"71.192.41.223","71.192.41.139","15406","4507","6","300","1"
"106.75.99.228","106.75.99.90","15406","4137","17","300","1"
"157.240.0.168","157.240.0.231","15406","2188","6","300","1"
"104.124.101.220","104.124.101.59","15406","4594","17","300","1"
"172.24.146.20","172.24.191.105","135","56182","6","266","1"
"192.168.82.140","100.70.241.12","38854","5060","6","303","1"
"172.24.146.49","172.24.191.105","135","57245","6","508","2"
"172.24.146.49","69.46.109.227","443","32364","6","73","1"
"172.24.146.173","172.24.191.105","49154","57434","6","216","1"
"192.168.82.125","100.70.240.11","60645","6970","6","79","1"
"192.168.82.96","100.70.240.11","53052","6970","6","79","1"
"192.168.82.80","100.70.240.11","42465","6970","6","79","1"
"172.24.146.167","172.24.191.105","49685","58592","6","316","1"
"172.24.146.49","172.24.191.105","49195","17778","6","156","1"
"172.24.146.209","172.24.191.105","135","59566","6","131","1"
"192.168.82.63","100.70.240.11","39208","6970","6","157","2"
"172.24.146.23","172.24.157.254","445","55670","6","466","1"
"172.24.146.84","172.24.191.105","135","59889","6","259","1"
"172.24.146.208","172.24.191.105","135","59996","6","400","1"
"172.24.146.173","172.24.191.105","49154","60011","6","209","1"
"192.168.82.80","100.70.240.11","42484","6970","6","77","1"
"172.24.146.20","172.24.191.185","49666","58718","6","4829","4"
"172.24.146.128","172.24.191.105","135","60427","6","456","1"
"172.24.146.20","172.24.153.46","53","55983","17","216","1"
"172.24.146.21","172.24.157.21","445","60171","6","443","1"
"172.24.146.33","172.24.152.13","59405","161","17","129","1"
"192.168.82.120","100.70.240.11","33395","6970","6","76","1"
"172.24.146.176","172.24.191.105","49154","61301","6","290","1"
"172.24.146.241","99.83.155.87","47190","443","6","189","1"
"172.24.146.156","172.24.191.105","49155","62156","6","218","1"
"192.168.82.59","100.70.240.11","46933","6970","6","89","1"
"172.24.146.206","172.24.191.105","49687","62504","6","724","2"
"192.168.82.77","100.70.241.12","37261","6970","6","89","1"
"192.168.82.83","100.70.240.11","45501","6970","6","89","1"
"172.24.146.81","172.24.191.105","445","64705","6","6562","5"
"172.24.146.81","172.24.191.105","51461","63623","6","254","1"
"172.24.146.81","67.211.127.22","52363","3389","6","681","10"
"172.24.146.176","172.24.191.105","49154","64458","6","612","2"
"192.168.82.59","100.70.240.11","52982","6970","6","89","1"
"192.168.82.124","100.70.241.12","43132","6970","6","89","1"
"192.168.82.77","100.70.240.10","44410","2445","6","161","1"
"172.24.146.49","172.24.191.105","64040","17778","6","922","2"
"192.168.82.124","100.70.240.10","33033","2445","6","161","1"
"192.168.82.59","100.70.240.10","54645","2445","6","161","1"
"172.24.146.21","172.24.155.95","53","64105","17","238","1"
"192.168.82.99","100.70.240.11","60945","6970","6","153","2"
"172.24.146.21","172.24.157.230","88","51916","6","87","1"
"172.24.146.243","99.83.155.87","43172","443","6","1128","1"
"172.24.146.21","172.24.191.105","49671","50694","6","200","1"
"172.24.146.241","99.83.155.87","60518","443","6","1172","1"
"172.24.146.20","172.24.157.206","53","58997","17","141","1"
"172.24.146.208","172.24.191.105","445","51380","6","1271","1"
"192.168.82.77","100.70.240.11","56389","6970","6","79","1"
"172.24.146.81","172.24.191.105","445","64707","6","71","1"
"172.24.146.49","172.24.191.105","49155","51016","6","273","1"
"192.168.82.59","100.70.240.10","54681","2445","6","161","1"
"192.168.82.125","100.70.240.11","34052","6970","6","85","1"
"172.24.146.241","99.83.155.87","53804","443","6","74","1"
"172.24.146.176","172.24.191.105","135","52657","6","352","1"
"172.24.146.49","172.24.191.105","49155","52838","6","242","1"
"172.24.146.20","172.24.157.232","445","56789","6","1446","5"
"192.168.82.77","100.70.241.12","56452","6970","6","80","1"
"192.168.82.80","100.70.240.11","53348","6970","6","77","1"
"172.24.146.206","172.24.191.105","49687","64145","6","777","2"
"172.24.146.21","8.8.8.8","58390","53","17","93","1"
"172.24.146.23","172.24.157.51","445","54013","6","2092","2"
"192.168.82.120","100.70.240.11","44488","6970","6","77","1"
"172.24.146.241","3.128.14.47","42118","443","6","228","1"
"172.24.146.173","172.24.191.105","49154","53956","6","246","1"
"172.24.146.127","172.24.191.105","49165","53869","6","299","1"
"172.24.146.81","172.24.191.105","51461","54122","6","209","1"
"172.24.146.128","172.24.191.105","49164","54068","6","2532","4"
"172.24.146.209","172.24.191.105","49154","53707","6","243","1"
"172.24.146.157","34.117.217.74","64010","443","6","307","1"
"172.24.146.20","172.24.157.230","445","51880","6","183","1"
"172.24.146.21","172.24.153.35","53","45182","17","123","1"
"172.24.146.21","172.24.191.105","135","55020","6","266","1"
"172.24.146.242","99.83.155.87","40838","443","6","178","1"
"172.24.146.20","172.24.157.30","53","49898","17","195","1"
"172.24.146.21","172.24.191.139","62051","135","6","132","1"
"10.210.2.46","10.42.12.85","741","2049","6","1500","1"
"10.42.12.85","10.210.2.46","2049","741","6","1500","1"
"10.210.2.46","10.42.12.85","741","2049","6","1500","1"
"10.210.2.46","10.42.12.85","741","2049","6","52","1"
"10.210.1.3","10.42.20.20","32893","8050","17","964","1"
"10.210.2.46","10.42.12.85","741","2049","6","1500","1"
"10.210.2.46","10.42.12.85","741","2049","6","348","1"
"10.42.12.85","10.210.2.46","2049","741","6","52","1"
"10.42.13.164","172.17.26.4","43682","161","17","356","1"
"10.210.2.46","10.42.12.85","741","2049","6","1500","1"
"172.16.2.111","52.61.92.221","53672","443","6","52","1"
"172.16.2.102","146.148.27.244","null","null","1","84","1"
"10.210.1.1","10.42.12.64","5557","2055","17","1438","1"
"172.16.2.69","10.42.13.164","161","41366","17","105","1"
"10.42.16.116","172.17.28.200","48161","8090","6","52","1"
"10.42.16.83","172.17.26.18","25638","161","17","156","1"
"172.17.20.200","10.42.16.116","9115","42773","6","668","1"
"172.17.26.4","10.42.13.164","161","2196","17","373","1"
"172.17.28.200","10.42.16.116","8090","48161","6","1500","1"
"10.210.2.46","10.43.20.66","47016","443","6","1500","1"
"172.17.28.200","10.210.2.102","48165","53","17","81","1"
"10.42.13.164","172.17.27.6","7348","161","17","171","1"
"172.16.2.7","3.32.51.114","58535","443","6","1500","1"
"169.254.100.2","10.42.20.20","58764","8050","17","1336","1"
"10.42.14.42","10.210.2.46","6379","41048","6","57","1"
"172.17.16.4","10.42.16.83","161","33648","17","346","1"
"10.42.13.164","172.17.28.18","56645","161","17","159","1"
"168.127.10.98","172.17.28.18","62555","161","17","411","1"
"10.42.16.83","172.17.16.18","55429","161","17","92","1"
"3.32.51.114","172.16.2.55","443","49604","6","52","1"
"146.148.27.244","172.16.2.12","5222","38930","6","222","1"
"168.127.8.96","172.17.20.6","64826","161","17","411","1"
"172.17.27.12","10.42.13.164","161","17459","17","329","1"
"169.254.100.2","169.254.100.1","49246","3784","17","52","1"
"10.42.16.83","172.17.16.4","33648","161","17","178","1"
"172.17.26.18","10.42.16.83","161","36963","17","403","1"
"172.17.9.24","10.42.13.164","161","38874","17","389","1"
"172.17.16.4","10.42.16.83","161","30853","17","336","1"
"10.42.16.83","172.17.16.4","30853","161","17","176","1"
"172.17.16.18","10.42.16.83","161","36883","17","340","1"
"10.42.16.83","172.17.16.18","40550","161","17","159","1"
"10.42.16.83","172.17.16.4","16963","161","17","177","1"
"10.42.16.83","172.17.16.4","63180","161","17","178","1"
"169.254.100.1","169.254.100.2","49199","3784","17","52","1"
"10.210.1.20","10.42.13.164","161","57982","17","333","1"
"172.17.20.200","10.42.16.116","9118","39604","6","663","1"
"10.210.1.5","10.42.20.20","52874","8050","17","1360","1"
"10.42.14.42","10.210.2.46","6379","40966","6","52","1"
"172.17.27.24","10.42.13.164","161","10827","17","482","1"
"10.42.16.83","172.17.26.3","64193","161","17","163","1"
"169.254.100.2","10.42.20.20","58764","8050","17","1372","1"
"172.17.10.24","10.42.20.4","55902","514","17","136","1"
"10.42.16.116","172.17.19.200","60143","9118","6","52","1"
"10.42.16.116","172.17.28.200","64758","9115","6","369","1"
"169.254.100.2","169.254.100.1","49246","3784","17","52","1"
"10.210.2.46","10.42.14.42","40004","6379","6","179","1"
"168.127.10.96","172.17.20.101","null","null","1","60","1"
"172.17.200.1","10.42.13.164","161","57500","17","148","1"
"10.42.13.164","172.17.200.1","57500","161","17","92","1"
"146.148.27.244","172.16.2.42","null","null","1","84","1"
"172.17.24.200","10.42.16.116","9118","26818","6","665","1"
"169.254.100.2","10.42.12.13","47579","8050","17","1220","1"
"172.17.200.2","10.42.16.83","161","5334","17","335","1"
"10.210.1.4","10.42.13.72","45196","514","17","146","1"
"10.210.1.4","10.42.20.4","49180","514","17","139","1"
"10.42.16.116","172.17.28.200","59897","9118","6","52","1"
"172.17.24.200","10.42.16.116","9118","26818","6","662","1"
"10.210.2.103","10.42.20.53","14383","53","17","83","1"
"10.210.1.1","10.42.12.14","46307","6009","17","171","1"
"10.42.13.164","172.17.200.1","57562","161","17","92","1"
"172.16.2.106","10.42.16.83","161","14454","17","214","1"
"169.254.100.1","169.254.100.2","49199","3784","17","52","1"
"172.17.24.4","168.127.8.96","161","58870","17","466","1"
"10.210.2.46","10.42.14.42","41132","6379","6","111","1"
"10.210.1.5","10.42.12.13","48325","8050","17","1272","1"
"10.42.16.116","172.17.16.200","15655","9115","6","52","1"
"172.17.20.200","10.42.16.116","9118","39604","6","663","1"
"10.42.13.164","172.17.26.18","24657","161","17","92","1"
"212.22.93.200","212.22.93.54","15406","2754","6","300","1"
"34.205.120.212","34.205.120.141","15406","907","17","300","1"
"157.240.0.37","157.240.0.124","15406","2236","17","300","1"
"106.75.99.218","106.75.99.39","15406","532","17","300","1"
"106.75.99.104","106.75.99.42","15406","645","6","300","1"
"104.124.101.89","104.124.101.88","15406","3782","17","300","1"
"104.124.101.71","104.124.101.164","15406","6055","6","300","1"
"212.22.93.251","212.22.93.139","15406","2087","6","300","1"
"185.243.51.48","185.243.51.226","15406","2806","6","300","1"
"106.75.99.49","106.75.99.177","15406","9380","17","300","1"
"157.240.0.65","157.240.0.11","15406","647","17","300","1"
"34.205.120.16","34.205.120.75","15406","6464","17","300","1"
"185.243.51.66","185.243.51.162","15406","3184","17","300","1"
"71.192.41.147","71.192.41.118","15406","672","6","300","1"
"104.124.101.61","104.124.101.148","15406","5837","6","300","1"
"185.243.51.120","185.243.51.162","15406","6523","6","300","1"
"34.205.120.145","34.205.120.40","15406","6888","17","300","1"
"71.192.41.132","71.192.41.77","15406","240","6","300","1"
"192.168.1.41","192.168.1.174","15406","443","6","300","1"
"185.243.51.200","185.243.51.128","15406","9387","17","300","1"
"192.168.1.91","192.168.1.27","15406","443","6","300","1"
"104.124.101.56","104.124.101.135","15406","5186","6","300","1"
"34.205.120.191","34.205.120.74","15406","2242","17","300","1"
"185.243.51.99","185.243.51.90","15406","9724","6","300","1"
"185.243.51.0","185.243.51.78","15406","8585","17","300","1"
"34.205.120.153","34.205.120.227","15406","7954","6","300","1"
"106.75.99.9","106.75.99.214","15406","4461","6","300","1"
"157.240.0.214","157.240.0.153","15406","6572","6","300","1"
"71.192.41.168","71.192.41.30","15406","1565","17","300","1"
"157.240.0.106","157.240.0.119","15406","1986","17","300","1"
"192.168.1.189","192.168.1.246","15406","443","6","300","1"
"185.243.51.65","185.243.51.139","15406","971","17","300","1"
"106.75.99.65","106.75.99.4","15406","7810","6","600","2"
"157.240.0.249","157.240.0.6","15406","7106","17","300","1"
"212.22.93.115","212.22.93.74","15406","5512","17","300","1"
"34.205.120.0","34.205.120.174","15406","1886","6","300","1"
"104.124.101.250","104.124.101.116","15406","4988","17","300","1"
"212.22.93.253","212.22.93.1","15406","7331","6","300","1"
"106.75.99.212","106.75.99.185","15406","3737","17","300","1"
"106.75.99.30","106.75.99.115","15406","662","17","300","1"
"104.124.101.22","104.124.101.189","15406","3274","17","300","1"
"104.124.101.153","104.124.101.66","15406","819","6","600","2"
"34.205.120.15","34.205.120.243","15406","457","17","600","2"
"192.168.1.241","192.168.1.116","15406","443","6","300","1"
"104.124.101.194","104.124.101.57","15406","4278","17","300","1"
"185.243.51.133","185.243.51.219","15406","7628","17","300","1"
"185.243.51.34","185.243.51.195","15406","5970","17","300","1"
"106.75.99.151","106.75.99.117","15406","3031","6","300","1"
"106.75.99.41","106.75.99.179","15406","1893","17","300","1"
"192.168.82.99","100.70.240.11","36039","6970","6","77","1"
"172.24.146.167","172.24.191.105","49685","55269","6","308","1"
"172.24.146.49","172.24.191.105","49155","55630","6","215","1"
"172.24.146.243","75.2.105.218","57272","443","6","239","1"
"172.24.146.149","172.24.191.105","49698","55967","6","257","1"
"192.168.82.57","100.70.240.11","57915","6970","6","79","1"
"172.24.146.81","172.24.191.105","56072","54129","6","71","1"
"172.24.146.49","172.24.191.105","135","56170","6","254","1"
"172.24.146.49","172.24.191.105","49155","64237","6","369","1"
"172.24.146.156","172.24.191.105","49155","56407","6","1213","2"
"172.24.146.87","172.24.191.105","135","56863","6","272","1"
"172.24.146.157","172.24.191.105","49154","56976","6","214","1"
"172.24.146.81","172.24.191.105","51461","56875","6","223","1"
"172.24.146.23","10.3.0.4","445","62073","6","366","5"
"172.24.146.242","99.83.155.87","41802","443","6","153","1"
"192.168.82.124","100.70.240.11","37432","6970","6","79","1"
"172.24.146.20","172.24.153.46","445","60140","6","217","1"
"172.24.146.21","172.24.153.207","389","55132","6","971","1"
"172.24.146.208","172.24.191.105","445","51380","6","639","1"
"172.24.146.23","172.24.157.51","445","54013","6","68","1"
